Temperature;Pre-oviposition time;Dev.st
13;1.1669015;0.3728879231113423
18;1.5000446;0.5626569378130185
20;1.0083301;0.0908884495415178
24;1.0;0.0
25;1.0832922;0.27632339215966084
26;1.0;0.0
27;1.7838513;0.5799466123033372
28;1.0751479;0.4119896965934233
29;2.0499631;0.2178687526587265
